{"r2_score": 0.5398706896551724, "rmse": 0.3387537429470791, "mae": 0.11475409836065574}