{"r2_score": 0.47413793103448276, "rmse": 0.3621429841700741, "mae": 0.13114754098360656}