{"r2_score": -0.8407362945178072, "rmse": 0.6782329983125268, "mae": 0.46}